{
    "train_loss": [
        0.652739287383254,
        0.6168564685205606,
        0.5920720697491709,
        0.5802624300894776,
        0.5714001584767848,
        0.5571540242802121,
        0.5477329079171108,
        0.5403600895092087,
        0.5163321527818231,
        0.5163833503198951,
        0.5049416446670899,
        0.49428604244068963,
        0.47649009002885695,
        0.4692152773827631,
        0.4508508407533504,
        0.4644938787693236,
        0.45377889689916673,
        0.4242743008327365,
        0.4196860748294888,
        0.40363597559377895,
        0.3895795522072701,
        0.3638471889354377,
        0.3447562427017407,
        0.3473058307193206,
        0.3254544678626397,
        0.32661736594148905,
        0.3179546518671297,
        0.3178753041517429,
        0.30813531816973677,
        0.3074716213120288,
        0.3027605531663913,
        0.287779814317627,
        0.28848753775156416,
        0.269554230635945,
        0.26255643732990047,
        0.2546339232760768,
        0.25153621522655045,
        0.2503011772030968,
        0.2418694797640365,
        0.24831281105553188,
        0.2372615034694898,
        0.23516910881790648,
        0.23461852992124516,
        0.22572949659742467,
        0.22014644535945996,
        0.21994614636503407,
        0.21527020094321714,
        0.2142911473283315,
        0.21609483718090247,
        0.20697943166894217
    ],
    "train_acc": [
        0.6223610243597751,
        0.6612117426608369,
        0.6833229231730169,
        0.6950655840099937,
        0.7024359775140537,
        0.7155527795128045,
        0.7231730168644597,
        0.7280449718925671,
        0.7457838850718301,
        0.7504059962523423,
        0.7544034978138663,
        0.7713928794503435,
        0.7767645221736414,
        0.7825109306683323,
        0.7930043722673329,
        0.7887570268582136,
        0.7918800749531543,
        0.8131168019987508,
        0.812367270455965,
        0.8158650843222985,
        0.8326046221111805,
        0.8475952529668956,
        0.853841349156777,
        0.8483447845096814,
        0.8658338538413491,
        0.8649594003747658,
        0.8665833853841349,
        0.8618363522798251,
        0.8729544034978138,
        0.8723297938788257,
        0.8719550281074329,
        0.8811992504684573,
        0.8828232354778264,
        0.8888194878201124,
        0.8934415990006246,
        0.8984384759525297,
        0.9003123048094941,
        0.8965646470955653,
        0.9024359775140537,
        0.8968144909431606,
        0.9061836352279825,
        0.9050593379138039,
        0.9059337913803872,
        0.9126795752654591,
        0.9114303560274828,
        0.9125546533416614,
        0.9178013741411618,
        0.9193004372267333,
        0.9173016864459713,
        0.9171767645221737
    ],
    "val_loss": [
        0.643656954250298,
        0.6124488827443276,
        0.5876106829025695,
        0.5843520921996131,
        0.5441690119433626,
        0.5420373185283173,
        0.6744543564272469,
        0.5307848196600077,
        0.5102539150006572,
        0.528201016013244,
        0.6930183095620872,
        0.5216907075414313,
        0.4698506061888189,
        0.4588509606831862,
        0.7073579046081565,
        0.5531769572539431,
        0.4249698862514458,
        0.43488759474181565,
        0.6750815739091882,
        0.6071776111586755,
        0.8505901513097314,
        0.362437384675413,
        0.3788776145571243,
        0.5070872244361126,
        0.3512002409270537,
        0.43112165302229705,
        0.9590389346110013,
        0.649411839858854,
        0.3088224421352428,
        1.0822427266903933,
        0.3734171431193066,
        0.48854773149476216,
        0.3802573705921654,
        0.2873111542680743,
        0.40310032796105477,
        0.28915747885237336,
        0.44251027799041565,
        0.28326914146049037,
        0.428188988788848,
        0.4216860095448737,
        0.3535981203033025,
        0.2892926756589058,
        0.2774098151341795,
        0.28959065254407534,
        0.2752777126701056,
        0.2827073404592155,
        0.3396593080083156,
        0.29307280060270313,
        0.32483744468066694,
        0.26031048578963795
    ],
    "val_acc": [
        0.6208601087493821,
        0.6549678695007415,
        0.6890756302521008,
        0.6831438457736035,
        0.7276322293623332,
        0.7409787444389521,
        0.6282748393475037,
        0.7394957983193278,
        0.7513593672763222,
        0.7226890756302521,
        0.6396440929312902,
        0.740484429065744,
        0.7745921898171033,
        0.7760751359367276,
        0.6490360850222442,
        0.7533366287691547,
        0.819574888779041,
        0.8022738507167573,
        0.6870983687592684,
        0.7034107760751359,
        0.6623826000988631,
        0.8418190805734058,
        0.8309441423628274,
        0.7597627286208601,
        0.8541769649036085,
        0.8077113198220465,
        0.6406327236777064,
        0.7261492832427089,
        0.8729609490855166,
        0.6287691547207118,
        0.8329214038556599,
        0.7889273356401384,
        0.8269896193771626,
        0.8798813643104301,
        0.8245180425111222,
        0.8853188334157193,
        0.8215521502718734,
        0.8843302026693031,
        0.819574888779041,
        0.8220464656450815,
        0.8556599110232328,
        0.8877904102817598,
        0.8917449332674247,
        0.8803756796836382,
        0.8912506178942166,
        0.8872960949085517,
        0.8571428571428571,
        0.8838358872960949,
        0.8645575877409788,
        0.897676717745922
    ]
}